"","land","barr","mort","A","He","Ho","Fis","Dps","Gst","Gstp","Djost"
"1","ibd1",0,0,8.93,0.698589107,0.6709973024,0.0393505151,0.0904367994,0.0127107301,0.0335527327,0.0071583585
"2","ibd1",0,25,8.9,0.7178008049,0.686825,0.0437723162,0.0872679415,0.0176843361,0.0577507306,0.013113069
"3","ibd1",0,50,8.96,0.705282095,0.6678064299,0.052991804,0.083279067,0.0245830948,0.0511311786,0.0116342238
"4","ibd1",0,75,9.1,0.6944333595,0.6461411179,0.0694987145,0.0728835657,0.0426319635,0.1233177485,0.0250149069
"5","ibd1",0,100,8.63,0.7218457124,0.5663198178,0.2158628777,0.0342182022,0.197885673,0.4417578866,0.0938753674
"6","ibd1",750,0,8.81,0.7069087032,0.678775,0.0401150495,0.0893884211,0.0158836815,0.0346477783,0.0086280934
"7","ibd1",750,25,8.97,0.7304798907,0.7002875,0.0410687703,0.0852768116,0.0188370284,0.0746708069,0.0148304416
"8","ibd1",750,50,8.84,0.7072711391,0.6694734668,0.0529293377,0.0814186019,0.028564701,0.094792785,0.0197130985
"9","ibd1",750,75,8.67,0.7036987623,0.6528746069,0.0722116868,0.0756085036,0.0461781473,0.1617436172,0.03392813
"10","ibd1",750,100,8.76,0.7163106344,0.5613391824,0.2159481869,0.0350554129,0.1931855745,0.5248230992,0.113107558
"11","ibd1",1500,0,8.8,0.6968534271,0.6632615613,0.0477591477,0.084134131,0.0255258124,0.0646001201,0.0137467254
"12","ibd1",1500,25,8.65,0.691322381,0.6551304641,0.0510032719,0.0850853345,0.0269352055,0.0741563019,0.0157368336
"13","ibd1",1500,50,8.94,0.707401579,0.6666902378,0.0581892978,0.0762467819,0.0381520064,0.124676498,0.0256166409
"14","ibd1",1500,75,8.85,0.6974435183,0.6367874374,0.0848374586,0.0691828668,0.0629696765,0.1436273037,0.0278063497
"15","ibd1",1500,100,8.88,0.7091891418,0.5884279568,0.1686372727,0.0438322203,0.1504696782,0.4061724199,0.0860862444
"16","ibd1",2250,0,8.92,0.7148795027,0.6432403942,0.0988989654,0.0620451248,0.0761105565,0.2136517626,0.0449160458
"17","ibd1",2250,25,8.85,0.7096505315,0.6322,0.1078206721,0.060332887,0.0836828766,0.2605019461,0.0529953454
"18","ibd1",2250,50,8.73,0.6930580626,0.6045375,0.1258722353,0.0576477934,0.0998979476,0.2446776471,0.0487377145
"19","ibd1",2250,75,8.94,0.7176593985,0.6077,0.1555020307,0.0488353865,0.1204085054,0.4107991534,0.0880886137
"20","ibd1",2250,100,8.82,0.6998331172,0.5583876961,0.1988475675,0.0372287591,0.1827941042,0.4515241925,0.0918304748
"21","ibd1",3000,0,9.04,0.7129991329,0.58075,0.1833650835,0.0393744166,0.1623420332,0.3847414859,0.0791674336
"22","ibd1",3000,25,8.91,0.7011730404,0.5826085889,0.1646258434,0.0459751414,0.1451820576,0.2961077357,0.0591986719
"23","ibd1",3000,50,9.03,0.7330379941,0.5875395075,0.1995104365,0.0344827048,0.1706328378,0.5402087113,0.1195132002
"24","ibd1",3000,75,8.95,0.7246907531,0.5891958386,0.1866209648,0.0381127461,0.1654149281,0.4239529662,0.0906746301
"25","ibd1",3000,100,8.99,0.7198089044,0.5855482477,0.1865351291,0.038961636,0.1633650768,0.4878265251,0.104747878
"26","ibr20",0,0,8.81,0.6787986783,0.629995691,0.0717606823,0.0850735158,0.0241887956,0.0758450942,0.0154649263
"27","ibr20",0,25,8.87,0.7198056078,0.6673017145,0.0731784252,0.0819871503,0.0260619223,0.0889600181,0.0190617082
"28","ibr20",0,50,8.77,0.7160793262,0.6520554054,0.0896374575,0.0776671744,0.0380361599,0.1106202581,0.0238385404
"29","ibr20",0,75,8.78,0.6980085713,0.6228644924,0.1077913094,0.0691531477,0.0584797521,0.1876567841,0.037912429
"30","ibr20",0,100,8.75,0.7263439563,0.5520787197,0.2418745804,0.030443048,0.1999895819,0.5959613534,0.1320916395
"31","ibr20",750,0,8.82,0.6999208775,0.6495555929,0.0710127639,0.0838869839,0.0248000955,0.0796683151,0.0166073052
"32","ibr20",750,25,8.81,0.706067872,0.6442818417,0.087350386,0.0809939151,0.0304742306,0.0955623396,0.0200070097
"33","ibr20",750,50,8.81,0.7138323356,0.6551782227,0.0813439063,0.0767242877,0.0379577076,0.111168489,0.0240294495
"34","ibr20",750,75,8.85,0.6932130133,0.6144204163,0.112420067,0.0675913409,0.0612070619,0.1658804331,0.0327056448
"35","ibr20",750,100,8.84,0.72127483,0.555703956,0.2314255728,0.0350242922,0.1888372613,0.5776223453,0.1277088401
"36","ibr20",1500,0,8.87,0.7044164809,0.6407522985,0.0906092567,0.0756709314,0.0403128463,0.1274362052,0.0258417282
"37","ibr20",1500,25,8.75,0.6849851735,0.6235974272,0.0879959752,0.0774812885,0.0399681402,0.1095176251,0.0218140778
"38","ibr20",1500,50,8.93,0.7083141323,0.6313067566,0.1076721307,0.06822541,0.0579443114,0.1709971407,0.0361878924
"39","ibr20",1500,75,8.79,0.7057536205,0.6154657611,0.1268285268,0.0615494449,0.0814441969,0.2361245089,0.0491360855
"40","ibr20",1500,100,8.95,0.7305856649,0.5881830626,0.1924569761,0.0407543225,0.1452461867,0.4342278839,0.0928891846
"41","ibr20",2250,0,8.74,0.7067223472,0.5891509595,0.1661778298,0.0520536505,0.1180663241,0.3198952172,0.0656955556
"42","ibr20",2250,25,8.96,0.7209081139,0.5860476796,0.1849644082,0.0445189139,0.1417391154,0.3788171086,0.0806176144
"43","ibr20",2250,50,8.94,0.7051111123,0.5796336108,0.175852526,0.0487102573,0.1300756678,0.3481425308,0.0741278237
"44","ibr20",2250,75,8.93,0.7259902991,0.5910018613,0.1865396224,0.0431325167,0.142870996,0.4324482717,0.0940397906
"45","ibr20",2250,100,8.68,0.7059362833,0.5535522948,0.2118106707,0.0411203605,0.169022507,0.3683303491,0.0752828121
"46","ibr20",3000,0,9,0.7157489093,0.56429919,0.2109706991,0.0373620082,0.1655619427,0.4879026912,0.1057399226
"47","ibr20",3000,25,9.11,0.7086620987,0.5530825192,0.2208386333,0.0374779262,0.1771616887,0.4111530456,0.0865882145
"48","ibr20",3000,50,8.93,0.7022497353,0.5362459381,0.2350555429,0.0359369395,0.1969197036,0.4929440413,0.1036821607
"49","ibr20",3000,75,9.04,0.7233352695,0.5746452593,0.2042731164,0.0381240549,0.1593829186,0.4761934962,0.1022256542
"50","ibr20",3000,100,8.92,0.704640196,0.5666495955,0.1938534049,0.0429897905,0.1498626741,0.3680391852,0.0760776589
"51","ibr21",0,0,8.83,0.7105001248,0.6581755235,0.0732081811,0.0865532533,0.0189200711,0.0630630639,0.0134348856
"52","ibr21",0,25,8.92,0.7071240958,0.6525278813,0.0768343807,0.0828144401,0.0244718269,0.0713729719,0.0153610758
"53","ibr21",0,50,8.87,0.7063410553,0.642073271,0.0912034787,0.0790490463,0.0333698388,0.0947480004,0.020247508
"54","ibr21",0,75,8.7,0.7084886781,0.6389103022,0.0969620574,0.0733711027,0.0470499843,0.1566457355,0.032166977
"55","ibr21",0,100,8.67,0.709774195,0.5471350093,0.2261253289,0.036231666,0.1863282432,0.4983058354,0.1031752735
"56","ibr21",750,0,8.97,0.7115817631,0.6601109007,0.0714462609,0.0843783397,0.0202545361,0.0625433313,0.0134586849
"57","ibr21",750,25,8.92,0.6856638859,0.6334130853,0.076069977,0.0823434979,0.0266439137,0.0680829622,0.0142481575
"58","ibr21",750,50,8.77,0.6951364176,0.6320334739,0.0907050837,0.0793078891,0.0356934821,0.0963814327,0.02008251
"59","ibr21",750,75,8.76,0.7067469256,0.6330191253,0.1040941806,0.0720771594,0.0522431267,0.1546480768,0.0317477872
"60","ibr21",750,100,8.8,0.7073127345,0.5514602849,0.2177512035,0.0394364675,0.1728530359,0.373532572,0.0777848524
"61","ibr21",1500,0,9,0.712388721,0.6513713071,0.0857063979,0.0766825931,0.0347223193,0.1154524253,0.0242094022
"62","ibr21",1500,25,8.82,0.7126961167,0.6522283798,0.0851750868,0.0779103077,0.0359795232,0.1240141226,0.0261485407
"63","ibr21",1500,50,9.08,0.7199378569,0.6529711578,0.0931470863,0.0724323265,0.0422825495,0.1382569823,0.0294213594
"64","ibr21",1500,75,8.84,0.709349414,0.625153488,0.1176496505,0.0631703032,0.0733263873,0.1863630798,0.0379332688
"65","ibr21",1500,100,8.9,0.7125475608,0.5541259777,0.223223143,0.0388578394,0.1711872643,0.4990336668,0.109138816
"66","ibr21",2250,0,8.98,0.7104743665,0.6003192757,0.1549831413,0.0545086177,0.105092414,0.2757352805,0.0574998285
"67","ibr21",2250,25,9,0.7242095966,0.6260009693,0.13426183,0.0556990223,0.0885194023,0.263168969,0.0550103641
"68","ibr21",2250,50,8.8,0.7035074109,0.5941020018,0.1544440657,0.0539691146,0.1113691193,0.3083355628,0.0650846065
"69","ibr21",2250,75,8.95,0.720308437,0.5764505583,0.1990586288,0.0422315405,0.1482770608,0.4284689451,0.0936965705
"70","ibr21",2250,100,9.07,0.7023989538,0.5496291778,0.2168587725,0.0383872835,0.172516772,0.4613908416,0.0964682312
"71","ibr21",3000,0,8.97,0.7259675483,0.5672901652,0.2210332832,0.034437289,0.1764335062,0.5341687921,0.1161156785
"72","ibr21",3000,25,8.91,0.7208909748,0.5610498504,0.2206665053,0.0374782942,0.172934495,0.4679146802,0.1015287777
"73","ibr21",3000,50,8.89,0.7130251847,0.5598699816,0.2149272645,0.0396694279,0.166714249,0.4070003891,0.0868724322
"74","ibr21",3000,75,8.94,0.7348331374,0.5689169087,0.2256451745,0.0329646582,0.181756477,0.5520106542,0.1218035089
"75","ibr21",3000,100,8.85,0.7230407641,0.5650047512,0.2195039466,0.0372116637,0.1754145578,0.4616375454,0.1023783163
"76","ibr22",0,0,8.8,0.7009920557,0.6547382975,0.0659078202,0.0888600823,0.0178659974,0.0462157661,0.0106635558
"77","ibr22",0,25,8.95,0.6994088935,0.6503773683,0.0700756974,0.0840874027,0.0231048436,0.0476338631,0.0109885649
"78","ibr22",0,50,8.76,0.7096261488,0.6523952029,0.0805963375,0.0797861418,0.033530855,0.1030398078,0.0216033991
"79","ibr22",0,75,8.57,0.7145453088,0.6457846679,0.0971936334,0.0736855045,0.0519911433,0.1781872686,0.0378301485
"80","ibr22",0,100,8.74,0.6788459614,0.5264422132,0.2220639812,0.0408904181,0.1770090404,0.4049266919,0.0822404885
"81","ibr22",750,0,8.86,0.7093213916,0.6553368422,0.0762815799,0.0843282655,0.0230224213,0.056488091,0.0123967064
"82","ibr22",750,25,8.76,0.6977954055,0.6438155082,0.0782761111,0.0822832762,0.0277495367,0.101936792,0.0214936406
"83","ibr22",750,50,8.74,0.7063430459,0.6491848641,0.0797739983,0.0815183381,0.0309657231,0.0883286578,0.0188390282
"84","ibr22",750,75,8.76,0.6988404013,0.6313701385,0.0955593846,0.0741474543,0.0471395579,0.1425165165,0.0298400169
"85","ibr22",750,100,8.85,0.7076507561,0.5598640936,0.2078392002,0.0393435946,0.163834106,0.4561581827,0.0976493996
"86","ibr22",1500,0,8.9,0.6928310618,0.6347073577,0.0826403469,0.0798327886,0.0316398086,0.0891900204,0.0168989406
"87","ibr22",1500,25,8.87,0.693549236,0.6324693103,0.0878421117,0.0768824123,0.0389992818,0.1081160874,0.0223049027
"88","ibr22",1500,50,8.73,0.7179029503,0.6485794689,0.0960227598,0.0712079367,0.0538203675,0.1597504461,0.033760093
"89","ibr22",1500,75,8.8,0.6989438444,0.6189771926,0.1142307263,0.066262105,0.0653792449,0.1854172347,0.0378656254
"90","ibr22",1500,100,8.91,0.7165116988,0.5692629989,0.2062853543,0.039262693,0.1627570239,0.4440095368,0.0957876982
"91","ibr22",2250,0,9,0.7286050467,0.6200450911,0.1491503142,0.0509065674,0.1047644672,0.3656426982,0.0786373972
"92","ibr22",2250,25,8.97,0.7030091259,0.5968228914,0.1504322355,0.0536144914,0.1063341636,0.2840975033,0.0584383182
"93","ibr22",2250,50,8.87,0.7005019787,0.5941373925,0.151585723,0.0547271865,0.1055020489,0.3008168559,0.061985984
"94","ibr22",2250,75,8.73,0.709321081,0.5622535678,0.2068638361,0.0425963633,0.1592151036,0.3591724291,0.0732387544
"95","ibr22",2250,100,8.87,0.7069252887,0.5520545185,0.2166326164,0.0387097072,0.1705822274,0.4062034946,0.0843184649
"96","ibr22",3000,0,9,0.7093623487,0.5687316878,0.1950948146,0.041116723,0.1519228544,0.3749785491,0.0745110814
"97","ibr22",3000,25,8.79,0.6990301776,0.5617097406,0.1971403652,0.0434452971,0.1605933876,0.3888167736,0.0820868437
"98","ibr22",3000,50,8.77,0.706346995,0.5445030197,0.2290403089,0.0367856944,0.1861970628,0.4314938004,0.0873714191
"99","ibr22",3000,75,8.83,0.7261615977,0.5691176038,0.2147466181,0.0362783562,0.1717275391,0.5063967673,0.1085147172
"100","ibr22",3000,100,8.9,0.7238466903,0.5638739475,0.2214675519,0.0366137265,0.1775647621,0.5023167002,0.1094554313
"101","ibr23",0,0,8.88,0.6967997902,0.6270688627,0.0993950611,0.0783520235,0.0366034017,0.0926079758,0.0196453502
"102","ibr23",0,25,8.83,0.7021211796,0.626005324,0.1053564576,0.0753786235,0.0398041432,0.1171375245,0.0232906132
"103","ibr23",0,50,8.96,0.7031463241,0.6286877239,0.1057185986,0.0734274955,0.0444005528,0.1110892636,0.0232506025
"104","ibr23",0,75,8.71,0.7110481003,0.5991796985,0.1574168429,0.0610169218,0.0878776908,0.2580885393,0.054506113
"105","ibr23",0,100,8.64,0.7128883565,0.5407035448,0.2420971176,0.0374995371,0.1847000524,0.4888157256,0.1050738723
"106","ibr23",750,0,8.79,0.6964662944,0.6183777861,0.1104956327,0.078267758,0.0390184841,0.0850336115,0.0169912017
"107","ibr23",750,25,8.87,0.6928318996,0.6148989322,0.1110814824,0.0749587318,0.043753473,0.1177121966,0.0244187511
"108","ibr23",750,50,8.93,0.7165591747,0.6223172861,0.13134665,0.0678334786,0.0595739693,0.1803363287,0.0380394621
"109","ibr23",750,75,8.7,0.6984027286,0.5995462529,0.1402855498,0.0631512632,0.0808498848,0.2469923058,0.0503522571
"110","ibr23",750,100,8.84,0.714556392,0.5529350064,0.2263952217,0.037866588,0.1701861027,0.482901241,0.1025191748
"111","ibr23",1500,0,8.8,0.7332426817,0.6377696035,0.1300029091,0.0686960942,0.0573620475,0.1967479803,0.0425024024
"112","ibr23",1500,25,8.89,0.6999832941,0.6143235456,0.1222847599,0.0695397432,0.056299377,0.1640549575,0.0331188987
"113","ibr23",1500,50,8.71,0.6923421866,0.5907700447,0.1450937824,0.0649220608,0.0771101104,0.1759192679,0.0372247623
"114","ibr23",1500,75,8.97,0.723857251,0.5953499807,0.1777984133,0.0523956929,0.1080733682,0.3507229767,0.0754669974
"115","ibr23",1500,100,8.89,0.718740495,0.5620759912,0.2164029736,0.0401456173,0.1531976089,0.4378050187,0.0919399107
"116","ibr23",2250,0,9.01,0.7113889012,0.5660240266,0.2019241639,0.044855576,0.1363877452,0.3680613271,0.0752173377
"117","ibr23",2250,25,8.87,0.7245850961,0.5557891816,0.2338527578,0.037356849,0.1663945265,0.5404160813,0.1188906396
"118","ibr23",2250,50,8.9,0.7069074708,0.5445024935,0.2274194226,0.0402453902,0.1646866534,0.4015136422,0.0828581217
"119","ibr23",2250,75,8.76,0.720454785,0.5550435505,0.2301752032,0.0403015909,0.1664174752,0.5011521777,0.110487619
"120","ibr23",2250,100,8.85,0.7291803714,0.5593144923,0.2343480528,0.0388061136,0.1634409766,0.4711735716,0.1033943151
"121","ibr23",3000,0,8.8,0.714469115,0.5468335876,0.2358125361,0.0398091671,0.1685282261,0.4075660673,0.0859801743
"122","ibr23",3000,25,8.85,0.7098587937,0.5373069098,0.2412028255,0.0376805536,0.1774636085,0.4108058752,0.0858911483
"123","ibr23",3000,50,8.95,0.7089562908,0.539878809,0.2368715306,0.037656336,0.1736555132,0.447570804,0.0951422839
"124","ibr23",3000,75,8.93,0.7164609921,0.5497755295,0.2313614914,0.0386366122,0.1691881409,0.4534517894,0.0964584906
"125","ibr23",3000,100,8.85,0.7096344528,0.537362089,0.2423141031,0.0390999721,0.175108862,0.4458985672,0.0936133669
"126","ibr24",0,0,8.85,0.7089876861,0.6545243705,0.0759819667,0.0847124715,0.0228384716,0.0566033972,0.0115774307
"127","ibr24",0,25,8.86,0.6997390126,0.6457080693,0.0766560294,0.0830964182,0.0264843738,0.0755327451,0.0161056289
"128","ibr24",0,50,8.87,0.7156510518,0.6476013372,0.0951621609,0.075889379,0.0408086957,0.1321201341,0.0284722795
"129","ibr24",0,75,8.64,0.6962600229,0.6166430299,0.1133137266,0.0712375367,0.0599435114,0.1839152686,0.0384718108
"130","ibr24",0,100,8.74,0.7264096326,0.5657589956,0.2211180583,0.0348294175,0.1783575342,0.5660338063,0.1237507494
"131","ibr24",750,0,8.79,0.692080645,0.6385832662,0.076217535,0.0843180993,0.0249105367,0.0605658761,0.0128256103
"132","ibr24",750,25,8.91,0.7062777982,0.6483748626,0.0817931454,0.081097145,0.0276221935,0.0954017456,0.0196508791
"133","ibr24",750,50,8.93,0.7053207037,0.6423609361,0.0882155343,0.0777878232,0.0340825057,0.1118824497,0.0230472041
"134","ibr24",750,75,8.89,0.6935857086,0.6188906856,0.1062007727,0.0697037431,0.0564810836,0.1524995596,0.0312167417
"135","ibr24",750,100,8.79,0.7046937762,0.5488571417,0.2210261347,0.0382637857,0.179356231,0.460290738,0.0958814528
"136","ibr24",1500,0,8.67,0.6941853564,0.6280597023,0.0950282335,0.0788774358,0.0410301003,0.1007168172,0.0209542236
"137","ibr24",1500,25,8.76,0.7054041708,0.6401140029,0.0916612756,0.0783814708,0.0376984121,0.1168776302,0.0242307803
"138","ibr24",1500,50,8.81,0.7097807961,0.631813271,0.1094983743,0.0710346668,0.0543064436,0.1764942061,0.0364543241
"139","ibr24",1500,75,9.04,0.7006751907,0.6126926632,0.1260221555,0.063562107,0.0707225547,0.2259787659,0.047357922
"140","ibr24",1500,100,8.91,0.7144410637,0.5581459696,0.2193670999,0.0388625353,0.168868648,0.4773529827,0.1025120387
"141","ibr24",2250,0,8.87,0.7114920395,0.617399951,0.1327589656,0.0606381014,0.0834428359,0.2564344043,0.0534366872
"142","ibr24",2250,25,8.73,0.6835036114,0.5920570795,0.131137246,0.063786387,0.0808415862,0.2007679559,0.0388889433
"143","ibr24",2250,50,8.85,0.6855963199,0.5731987399,0.1622701987,0.0528288435,0.1139985606,0.3241711903,0.0651554418
"144","ibr24",2250,75,8.87,0.7050454405,0.5838739651,0.1696000117,0.0503100524,0.1220791411,0.3133792068,0.0638015006
"145","ibr24",2250,100,8.87,0.7241061839,0.5680473463,0.2157021216,0.0380757845,0.1640943196,0.4765046814,0.1036451784
"146","ibr24",3000,0,8.85,0.7049535138,0.5450177117,0.2275018323,0.0376603723,0.1836224502,0.4804221344,0.1028899118
"147","ibr24",3000,25,8.73,0.7007371247,0.5505361787,0.2115371551,0.0413587374,0.1696953694,0.3846776775,0.0789743041
"148","ibr24",3000,50,8.79,0.7161371887,0.5565434039,0.2231918099,0.0388819822,0.1712556279,0.4731877576,0.1009847183
"149","ibr24",3000,75,8.94,0.7232164884,0.559914968,0.226823483,0.037097579,0.1725270012,0.4871819894,0.1037893662
"150","ibr24",3000,100,8.82,0.711208276,0.5518739278,0.2225811206,0.0405491375,0.1674781335,0.4182844469,0.0877146069
"151","ibr25",0,0,8.92,0.6998317653,0.6570020474,0.0612804476,0.0880129324,0.0165961387,0.0530289523,0.0112474792
"152","ibr25",0,25,8.81,0.6954433773,0.6510932355,0.063222092,0.08798245,0.0188308758,0.0434408286,0.0094966991
"153","ibr25",0,50,8.69,0.6914249915,0.6360583331,0.0793875615,0.082530239,0.0310587553,0.0849032573,0.0176037759
"154","ibr25",0,75,8.69,0.6892522256,0.6306890924,0.0847680788,0.0773421863,0.0403751756,0.124683055,0.025095762
"155","ibr25",0,100,8.88,0.6847062687,0.5290511709,0.222628413,0.0379559874,0.1903375829,0.3097080395,0.0546805561
"156","ibr25",750,0,8.88,0.7012431661,0.6574513869,0.0624189775,0.0875319202,0.0176837821,0.0539561732,0.0117278456
"157","ibr25",750,25,8.88,0.6879484701,0.6391260328,0.0708785768,0.0842051275,0.023448998,0.0684154459,0.0145051014
"158","ibr25",750,50,8.82,0.7043705065,0.6535880338,0.0718394199,0.0828943022,0.0276945071,0.0806812499,0.0172162398
"159","ibr25",750,75,8.85,0.6844869523,0.6248477745,0.0876724043,0.0759672348,0.0420131,0.1193146141,0.0239664287
"160","ibr25",750,100,8.82,0.727512033,0.5733974568,0.2106664466,0.036559935,0.1727263699,0.4891033047,0.1066829074
"161","ibr25",1500,0,8.88,0.7156905761,0.6620107947,0.0753138905,0.082014041,0.025546692,0.0823382513,0.0175146081
"162","ibr25",1500,25,9.06,0.6838057498,0.6297324118,0.0797515582,0.0783609293,0.0316867678,0.0769835119,0.015945635
"163","ibr25",1500,50,8.89,0.7014405972,0.6397465883,0.0877650465,0.0757668914,0.0407435817,0.1075818668,0.022432745
"164","ibr25",1500,75,8.81,0.7091383501,0.6358227332,0.1038895447,0.0693334878,0.0597565556,0.1767025271,0.0372957873
"165","ibr25",1500,100,8.74,0.7201840992,0.5611050782,0.2181101998,0.0338969699,0.1885571929,0.4549709769,0.0944687169
"166","ibr25",2250,0,8.79,0.6781843305,0.593662006,0.124613148,0.0649390481,0.0826320119,0.1737702522,0.0348578459
"167","ibr25",2250,25,8.73,0.6901390712,0.6090319808,0.117640565,0.0632568408,0.0803555682,0.196794229,0.0397401815
"168","ibr25",2250,50,9.04,0.7009755569,0.5898634507,0.1590334291,0.0505131011,0.1212818157,0.2899903034,0.0597631351
"169","ibr25",2250,75,8.7,0.6912974429,0.5835219093,0.1526343915,0.0535823176,0.1176987286,0.2628459524,0.0519169137
"170","ibr25",2250,100,8.82,0.7036241731,0.5553619574,0.2108960957,0.0382161382,0.1734343197,0.4513081814,0.0943687024
"171","ibr25",3000,0,8.77,0.7121471357,0.5612364642,0.2120671845,0.0397740161,0.167535212,0.4620911325,0.0997278311
"172","ibr25",3000,25,8.87,0.7287753384,0.570759365,0.2185000657,0.037014026,0.1740790742,0.5223138874,0.1137027636
"173","ibr25",3000,50,8.79,0.7197603217,0.571748483,0.2040459656,0.0400351694,0.1646453725,0.4630753742,0.1011219204
"174","ibr25",3000,75,8.91,0.7249495346,0.5802301172,0.1995970271,0.0402502253,0.1590392085,0.4511426225,0.0967965922
"175","ibr25",3000,100,8.96,0.7136393916,0.5534565152,0.2261660034,0.0377244151,0.177770887,0.452606611,0.0980106089
"176","ibr26",0,0,8.89,0.6906804831,0.6363620616,0.0782858757,0.0860487818,0.0223124919,0.0576607241,0.0125486069
"177","ibr26",0,25,8.8,0.7104121194,0.6568860242,0.074575142,0.0846318355,0.0248841513,0.0706856254,0.0151079448
"178","ibr26",0,50,8.72,0.7063308591,0.6425085721,0.0898818912,0.078188366,0.0372162993,0.1268829341,0.0270728918
"179","ibr26",0,75,8.87,0.6982215497,0.6214130671,0.1102723635,0.0714391181,0.0508124929,0.152561797,0.0302497999
"180","ibr26",0,100,9.03,0.6886945435,0.5377537093,0.2141354188,0.0392955454,0.1730753664,0.362543819,0.0734263887
"181","ibr26",750,0,8.97,0.7175554518,0.6617653683,0.0773918878,0.0836335574,0.0221994874,0.0549235394,0.012240487
"182","ibr26",750,25,8.87,0.6952663152,0.6395595539,0.0798750512,0.0817255487,0.0282570937,0.0717329141,0.0151729074
"183","ibr26",750,50,8.81,0.7132597911,0.6535248288,0.0843154071,0.0784835111,0.0360436154,0.1161875066,0.0245157205
"184","ibr26",750,75,8.7,0.6939575588,0.6234843579,0.0988714315,0.0746103632,0.049341741,0.1044953381,0.0204096736
"185","ibr26",750,100,8.79,0.7142382473,0.5506874321,0.2305675522,0.0361339197,0.1839725733,0.5357062346,0.1171991573
"186","ibr26",1500,0,8.99,0.724286675,0.6614498825,0.0869350638,0.0769189376,0.0334549944,0.1208260065,0.0259026528
"187","ibr26",1500,25,8.84,0.703490992,0.6396350444,0.090094864,0.0778067131,0.0356081627,0.122062275,0.0253495656
"188","ibr26",1500,50,8.93,0.6990501372,0.6299294589,0.098511201,0.0725519796,0.0476405031,0.1335168766,0.0269293971
"189","ibr26",1500,75,9.01,0.7102834623,0.6231909115,0.1217860852,0.0620976998,0.0731233926,0.2194259254,0.0451887209
"190","ibr26",1500,100,8.78,0.720333904,0.5336152357,0.2627263144,0.0292038577,0.2206853108,0.61314417,0.1364338035
"191","ibr26",2250,0,8.9,0.7087965706,0.6030144671,0.1465508709,0.0550060954,0.0968635805,0.2972295961,0.0612606313
"192","ibr26",2250,25,8.85,0.7120785518,0.5981779172,0.15836056,0.052897014,0.10895009,0.2905057855,0.0591061999
"193","ibr26",2250,50,8.84,0.7309924448,0.5941955481,0.1887754531,0.0441533117,0.1373218971,0.4336166906,0.0947461168
"194","ibr26",2250,75,8.94,0.70973088,0.5745066095,0.1881398614,0.0447754381,0.1368567773,0.3835101863,0.0785307981
"195","ibr26",2250,100,8.94,0.7206747186,0.5618073359,0.221259952,0.0362527592,0.1720172039,0.4973727758,0.1076941079
"196","ibr26",3000,0,8.82,0.7068581891,0.5486554381,0.2231591861,0.0403771257,0.171042786,0.4462982759,0.0939913535
"197","ibr26",3000,25,8.83,0.7012083527,0.5549569781,0.204089931,0.0400904181,0.1610893997,0.3951686265,0.0830137227
"198","ibr26",3000,50,9.07,0.7269201942,0.5731308801,0.2129471515,0.0362647055,0.1687889741,0.4898158492,0.1059028476
"199","ibr26",3000,75,9,0.7089422575,0.5605945865,0.2073049856,0.0399824543,0.1640553293,0.3774096635,0.0789027108
"200","ibr26",3000,100,9.1,0.7106874635,0.5674521792,0.2009638828,0.0401035815,0.1566435427,0.4437739025,0.0949257121
"201","ibr27",0,0,9.02,0.6978546028,0.6535203204,0.0631983925,0.0888145644,0.0142876808,0.037845105,0.0074261339
"202","ibr27",0,25,8.98,0.6979682613,0.6507846591,0.0656831229,0.0861126851,0.0189091888,0.0525899435,0.0108561197
"203","ibr27",0,50,8.59,0.6683388201,0.6176800866,0.075670952,0.0861192687,0.027628663,0.0541747129,0.0113002787
"204","ibr27",0,75,8.79,0.7097164694,0.6479105837,0.0858403083,0.0764046054,0.0414471784,0.1190835649,0.0251753726
"205","ibr27",0,100,8.66,0.7028791262,0.5337356357,0.2408776954,0.0370484062,0.195750416,0.4904565139,0.1057872543
"206","ibr27",750,0,8.9,0.7156272841,0.6705056608,0.0630376061,0.0875153239,0.016653013,0.0532078534,0.011567773
"207","ibr27",750,25,8.88,0.6764454116,0.6332292889,0.0625203428,0.0881661139,0.0177980314,0.0512835386,0.0100896764
"208","ibr27",750,50,8.94,0.7030788551,0.6497183935,0.0756397245,0.0826093138,0.0240503195,0.0697021476,0.0143687753
"209","ibr27",750,75,8.88,0.704217403,0.6424932963,0.0878572051,0.0758220982,0.0408288317,0.1342745498,0.0277181779
"210","ibr27",750,100,8.9,0.7078262687,0.5565947234,0.2136621634,0.0382100269,0.1747513183,0.4298209691,0.0895082453
"211","ibr27",1500,0,8.83,0.6880770484,0.6389297861,0.0716173895,0.0841284519,0.0247132817,0.078102251,0.0167952732
"212","ibr27",1500,25,8.84,0.7005992939,0.6443089524,0.0797460074,0.0801270887,0.0332422041,0.0899389161,0.0193016705
"213","ibr27",1500,50,9.06,0.7180005826,0.6564504128,0.0853462116,0.0729656616,0.0382023406,0.1466840273,0.0309308847
"214","ibr27",1500,75,8.94,0.6984773451,0.6201868228,0.1119842203,0.0681443913,0.0601942147,0.1787336674,0.0370020258
"215","ibr27",1500,100,8.78,0.7160278795,0.5642156128,0.2102749562,0.0391535715,0.170783617,0.4740805692,0.1027467571
"216","ibr27",2250,0,8.92,0.7006542294,0.6080215289,0.1306746985,0.0622255534,0.0789852733,0.1804492913,0.036006065
"217","ibr27",2250,25,8.91,0.7123604768,0.6149746824,0.135329311,0.059035422,0.0839060603,0.2724647012,0.057631067
"218","ibr27",2250,50,8.85,0.7193306742,0.6077834713,0.1542729946,0.0525265466,0.1065274136,0.3760323388,0.0801326639
"219","ibr27",2250,75,8.78,0.7130663574,0.5809058829,0.1851561737,0.0458936282,0.1414358764,0.3922890924,0.0817705719
"220","ibr27",2250,100,8.87,0.7196057684,0.5681542943,0.2066055396,0.0383376198,0.1652565814,0.3554068596,0.0724739282
"221","ibr27",3000,0,9.05,0.7332565904,0.5849830948,0.2021572532,0.0361477127,0.1647927867,0.5186617183,0.114071065
"222","ibr27",3000,25,8.81,0.7141342012,0.5626970242,0.2120628799,0.0398917409,0.1695075475,0.4618996501,0.0993163228
"223","ibr27",3000,50,8.89,0.7061410232,0.5622784298,0.2018686464,0.0411665649,0.1575791035,0.4418935561,0.0926891332
"224","ibr27",3000,75,8.95,0.7117793997,0.5569669127,0.2172061122,0.0369981786,0.1763998217,0.4494083887,0.0958870843
"225","ibr27",3000,100,8.86,0.7183476515,0.5625669229,0.2172485144,0.0371085663,0.1699439834,0.516777284,0.1137294454
"226","ibr28",0,0,8.95,0.7045931102,0.6525052879,0.073764002,0.0866078436,0.0186806155,0.0498752893,0.0106103581
"227","ibr28",0,25,8.85,0.7121155987,0.6547369545,0.0805074426,0.0839877125,0.0232985417,0.0730927711,0.0156808617
"228","ibr28",0,50,8.92,0.7030971116,0.6431246818,0.0846469257,0.0800887474,0.0300892846,0.0793909655,0.0170424015
"229","ibr28",0,75,8.69,0.6997245726,0.6158983377,0.1182681095,0.0712513833,0.0577239001,0.1537252005,0.0309587498
"230","ibr28",0,100,8.71,0.6964452807,0.5244959035,0.2453010748,0.0345599335,0.1981597575,0.4748602697,0.0968480301
"231","ibr28",750,0,8.91,0.6948858129,0.638972539,0.0802043703,0.0852825632,0.0219719149,0.0510016013,0.0115565198
"232","ibr28",750,25,8.8,0.7027254717,0.6449278425,0.0810005486,0.0834903102,0.025368258,0.0790471427,0.01647173
"233","ibr28",750,50,8.92,0.7133752304,0.64276986,0.0984548732,0.0754752864,0.0394252999,0.1063561102,0.023210778
"234","ibr28",750,75,8.76,0.7143240412,0.6376008866,0.1070705076,0.0720257604,0.0496641203,0.1672837051,0.0348856931
"235","ibr28",750,100,8.73,0.7111591066,0.5428508332,0.2369666978,0.0371234668,0.1890611842,0.4759476605,0.1009801378
"236","ibr28",1500,0,8.77,0.7239805261,0.6537635158,0.0960552215,0.077882988,0.0346608529,0.1265854481,0.0269419761
"237","ibr28",1500,25,8.91,0.6984108545,0.6260299649,0.1032254955,0.0768495612,0.0388729104,0.1019086792,0.0215218231
"238","ibr28",1500,50,8.74,0.6977295663,0.6223411304,0.1087166317,0.0723067894,0.0510089403,0.1506340352,0.0307947081
"239","ibr28",1500,75,8.92,0.7134923985,0.6229991667,0.1252595502,0.0646896804,0.0691766654,0.1949895268,0.0400961791
"240","ibr28",1500,100,8.84,0.7192969173,0.544873234,0.2437373644,0.0348500618,0.1901239637,0.5385814759,0.1175453956
"241","ibr28",2250,0,8.79,0.7090015072,0.6060638226,0.1459396895,0.0591661874,0.0915175235,0.207903199,0.0434265265
"242","ibr28",2250,25,8.9,0.706835564,0.592602632,0.1593129166,0.0550134968,0.1048030283,0.2954387488,0.0592838906
"243","ibr28",2250,50,8.91,0.7118866367,0.5804225052,0.1845913243,0.0489039663,0.1269466922,0.3407785144,0.0705138617
"244","ibr28",2250,75,8.79,0.7211524017,0.5874938752,0.186647941,0.0455133004,0.1377844648,0.4324245573,0.0924283259
"245","ibr28",2250,100,8.86,0.7155329287,0.5539313554,0.2272347274,0.0394352703,0.1686910389,0.472713739,0.1017891603
"246","ibr28",3000,0,9.01,0.7260166039,0.5652263745,0.2208327401,0.0365349733,0.1659529725,0.4757870586,0.1012537283
"247","ibr28",3000,25,8.91,0.7155974175,0.5527299161,0.2293433907,0.0359834972,0.1817470119,0.5273128244,0.1138854332
"248","ibr28",3000,50,8.71,0.6961229393,0.5497486219,0.2102995314,0.0436122474,0.1562716154,0.4141689326,0.0845969702
"249","ibr28",3000,75,8.94,0.7153285107,0.5602262736,0.2177507721,0.0378158916,0.1683357444,0.4803646873,0.1039309303
"250","ibr28",3000,100,8.71,0.7185493938,0.5659112418,0.2114782971,0.0403404199,0.163258511,0.4153912663,0.0898535791
"251","ibr29",0,0,8.96,0.7068049219,0.6506822637,0.0791160387,0.0825115318,0.0243795958,0.0784686535,0.0166933215
"252","ibr29",0,25,8.86,0.6995805766,0.6410264272,0.0835876109,0.0833015508,0.0262635129,0.0629271451,0.0135356951
"253","ibr29",0,50,8.91,0.7113458124,0.6514933308,0.0834913711,0.0778329827,0.0328884691,0.0892223924,0.0191062619
"254","ibr29",0,75,8.64,0.6864297286,0.6094519456,0.1122679325,0.0709437086,0.0593837625,0.1601917498,0.030882673
"255","ibr29",0,100,8.75,0.7004262717,0.5386323206,0.2274395255,0.0379061585,0.1774793369,0.4379933952,0.0897237471
"256","ibr29",750,0,8.78,0.6976335906,0.6434452774,0.0780898108,0.0846656662,0.0267616968,0.0701420885,0.016089213
"257","ibr29",750,25,8.87,0.7203691432,0.6586761886,0.085303018,0.0787999752,0.0320637303,0.1185144139,0.0250952861
"258","ibr29",750,50,8.92,0.7054710051,0.6383700204,0.0947208681,0.0758534717,0.0389481112,0.1071021942,0.0220300059
"259","ibr29",750,75,8.69,0.695753035,0.6194097167,0.1079878473,0.0740405089,0.0528914,0.122131082,0.025333759
"260","ibr29",750,100,8.78,0.6959734185,0.5510771206,0.2051770618,0.0413143988,0.162147479,0.418421123,0.083573164
"261","ibr29",1500,0,8.99,0.7095972898,0.6398887373,0.0985310283,0.0752561584,0.037361996,0.122551002,0.0254611375
"262","ibr29",1500,25,8.85,0.7052486058,0.6400381048,0.0923064072,0.076945892,0.0373184669,0.1195826505,0.0252732974
"263","ibr29",1500,50,8.98,0.714096873,0.6428203585,0.1002402686,0.071478248,0.0467156916,0.1228048055,0.0262328582
"264","ibr29",1500,75,9.07,0.7286452454,0.6421370145,0.1194689694,0.061253839,0.0705659018,0.2324630105,0.0492541459
"265","ibr29",1500,100,8.7,0.7086522404,0.5508718881,0.2220816103,0.0416341614,0.1685701914,0.4283433751,0.090913143
"266","ibr29",2250,0,8.74,0.7054774742,0.5987258283,0.1505310021,0.0569483899,0.0995423148,0.2814969083,0.0584118095
"267","ibr29",2250,25,8.87,0.7055188698,0.5879628841,0.1646639827,0.0540238098,0.1087385025,0.2848926614,0.0595440101
"268","ibr29",2250,50,8.92,0.7256297582,0.5964797536,0.178638977,0.0480435833,0.1223410887,0.3689134092,0.0794922735
"269","ibr29",2250,75,8.91,0.7111913185,0.5769267707,0.1863293754,0.045867032,0.1347884677,0.3977220099,0.0812598722
"270","ibr29",2250,100,9.03,0.7312927012,0.5759730105,0.2124359047,0.0357087094,0.1636034119,0.4638617052,0.0991531946
"271","ibr29",3000,0,8.89,0.7036856778,0.5307335209,0.2460348321,0.0359840919,0.1949216865,0.3808929306,0.0797996224
"272","ibr29",3000,25,8.97,0.7138620785,0.5656049856,0.2052068603,0.0405110042,0.1536280113,0.4225324016,0.0879267709
"273","ibr29",3000,50,8.78,0.7104021146,0.5651992232,0.2027397893,0.0416839719,0.1569979843,0.4409446207,0.0935997169
"274","ibr29",3000,75,8.91,0.7147986679,0.5739759097,0.1990587123,0.0419076091,0.1515695414,0.4135601256,0.0880786792
"275","ibr29",3000,100,8.86,0.7206191785,0.5546018976,0.230182014,0.0359809948,0.178849816,0.5277843072,0.1154657414
"276","ibr40",0,0,8.11,0.6609575609,0.5927705882,0.1039728822,0.0678083323,0.0414682304,0.1042561806,0.0105532117
"277","ibr40",0,25,8.19,0.6461141235,0.5681129448,0.1202692406,0.0622654373,0.0561139882,0.1416148305,0.0014468152
"278","ibr40",0,50,8.19,0.6784357116,0.586786685,0.1329864031,0.0546752428,0.0758215872,0.1624092223,0.0311420796
"279","ibr40",0,75,8.26,0.6571590585,0.5580312985,0.1483914746,0.0525963677,0.0934587172,0.2079210753,0.0341152163
"280","ibr40",0,100,8.01,0.6549889623,0.4880454716,0.2507471108,0.0335954515,0.2159156873,0.4117792267,0.0665792764
"281","ibr40",750,0,8.23,0.6768692741,0.6067296969,0.1032262769,0.063199937,0.0473610356,0.1225158287,0.0226007749
"282","ibr40",750,25,8.06,0.6457497328,0.5700876934,0.1156224625,0.0634274943,0.0583761016,0.1378170351,0.0042961025
"283","ibr40",750,50,8.2,0.6728487173,0.5880333744,0.1251447969,0.0574266654,0.070625828,0.162313063,0.0225805706
"284","ibr40",750,75,8.08,0.6860273679,0.5839847105,0.1473500886,0.0517426036,0.095080551,0.2370869606,0.0245098928
"285","ibr40",750,100,8.11,0.661271359,0.4808145788,0.2638059662,0.0300660748,0.2284616652,0.4035742015,0.091249179
"286","ibr40",1500,0,8.17,0.6720250921,0.5899021785,0.1200658526,0.0578696648,0.0662542208,0.1912341307,0.0183288898
"287","ibr40",1500,25,8.05,0.6493887381,0.5657461512,0.1281028456,0.0578679283,0.0741666262,0.1656623732,0.0218483606
"288","ibr40",1500,50,8.22,0.6876920923,0.5884384823,0.1432511744,0.0514956593,0.089814687,0.2504937569,0.0512582787
"289","ibr40",1500,75,8.12,0.6800457496,0.5466128454,0.1939343916,0.0431249175,0.1448654899,0.340513127,0.0713775674
"290","ibr40",1500,100,8.06,0.6768467721,0.4916529296,0.2689319537,0.0297516995,0.2300456886,0.4884023183,0.0962716096
"291","ibr40",2250,0,8.14,0.6766519754,0.5338115283,0.2107159037,0.0407790932,0.1593935287,0.4019579184,0.0673133562
"292","ibr40",2250,25,8.13,0.6506016462,0.5270220533,0.1852401343,0.0443272525,0.1477913556,0.2563502999,0.0395865327
"293","ibr40",2250,50,8.13,0.6761592897,0.5189952073,0.2320185962,0.0361358154,0.1822163737,0.3293635262,0.0658805189
"294","ibr40",2250,75,8.09,0.6829397009,0.5312106054,0.2170847014,0.035562244,0.1738661124,0.3943450421,0.0700272143
"295","ibr40",2250,100,8.17,0.6915969422,0.511031942,0.2598338397,0.0288151526,0.2173593156,0.449045048,0.0934191349
"296","ibr40",3000,0,8.18,0.6627230949,0.4801216479,0.2651965121,0.0289820085,0.2277651171,0.4335278589,0.0606606527
"297","ibr40",3000,25,8.08,0.6960287341,0.4887039681,0.2973568628,0.0251374272,0.2489083455,0.5992167157,0.1274921999
"298","ibr40",3000,50,8.11,0.671989624,0.4854854988,0.2784741941,0.0284891824,0.2313126922,0.480369285,0.0966264739
"299","ibr40",3000,75,8.14,0.6908936381,0.5161944072,0.2539177699,0.0294432557,0.2133421125,0.555205384,0.1204175461
"300","ibr40",3000,100,8.06,0.6762119739,0.4761941548,0.2942033826,0.0265786435,0.2525960473,0.4766261575,0.0999231079
"301","ibr41",0,0,8.35,0.6634462267,0.599090934,0.0961770274,0.0675633425,0.0314295305,0.0962290511,0.0829011555
"302","ibr41",0,25,8.29,0.6751139028,0.6048079404,0.1030515497,0.0663718797,0.0333470934,0.0775648248,0.0179402879
"303","ibr41",0,50,8.24,0.6484120377,0.5769732313,0.1084944975,0.0631062991,0.0419657303,0.0971712634,0.0500838571
"304","ibr41",0,75,7.92,0.6354037078,0.5499522056,0.1336375343,0.0604756437,0.0660249156,0.1527494052,0.0033310719
"305","ibr41",0,100,7.82,0.6638879756,0.4716787155,0.2894667526,0.0287689546,0.2402929905,0.4478032025,0.0888754709
"306","ibr41",750,0,8.2,0.6640849441,0.597561336,0.0980171835,0.0667791479,0.0365560739,0.0812832957,0.0259255612
"307","ibr41",750,25,8.05,0.6469786192,0.5761325262,0.1086216745,0.0671173215,0.0397767736,0.0781032859,-0.0515489247
"308","ibr41",750,50,8.24,0.6473549997,0.5712690485,0.1164222534,0.0616427855,0.0451999,0.1154828381,-0.001433912
"309","ibr41",750,75,8,0.6424269092,0.5572858556,0.1306297343,0.0589904545,0.0701454697,0.1459299459,0.0400262477
"310","ibr41",750,100,8.16,0.6558677319,0.4719183723,0.2804813734,0.0296006341,0.2296283662,0.4230697686,0.0796069103
"311","ibr41",1500,0,8.17,0.6689649322,0.5911005108,0.1167795765,0.0659278307,0.0407295406,0.0916306512,0.0053460573
"312","ibr41",1500,25,8.27,0.68153433,0.5964344347,0.1235518512,0.0604012057,0.0490362057,0.116925733,0.0227126293
"313","ibr41",1500,50,8.04,0.6787865414,0.5929733425,0.1270213788,0.0597350625,0.0597562096,0.1433816607,0.0277217058
"314","ibr41",1500,75,8.21,0.6784713526,0.5708493973,0.1568550736,0.0514805297,0.0932086567,0.2009247511,0.0233431196
"315","ibr41",1500,100,8.19,0.6903821874,0.5104888208,0.2577780177,0.0296865073,0.2051150459,0.4627157201,0.0955679165
"316","ibr41",2250,0,8.21,0.6637607545,0.5566875325,0.1598169236,0.0509812541,0.0903568903,0.2176687524,0.0219854819
"317","ibr41",2250,25,8.04,0.638294045,0.5311055994,0.1626483047,0.0528914965,0.102455102,0.202004683,0.0351641993
"318","ibr41",2250,50,8.22,0.6767741539,0.5546754879,0.1788681678,0.0451544043,0.1150589002,0.2126963137,0.041592713
"319","ibr41",2250,75,7.96,0.6768899874,0.5247684355,0.2251771094,0.040889315,0.1591717096,0.4056239485,0.0823817328
"320","ibr41",2250,100,8.37,0.6820206247,0.496900851,0.2696332773,0.0290973214,0.2191210423,0.4422125658,0.0878839139
"321","ibr41",3000,0,8.04,0.6856938914,0.4885591401,0.2876136651,0.0269530733,0.2298564748,0.528464587,0.1083747424
"322","ibr41",3000,25,8.08,0.6775845135,0.4896339039,0.2744342286,0.0290973723,0.2248779376,0.4896456835,0.0882795985
"323","ibr41",3000,50,8.08,0.6766195963,0.4887208998,0.2752804336,0.0299954832,0.2333412184,0.4359065675,0.0905754801
"324","ibr41",3000,75,8.13,0.6954277661,0.5082585564,0.2702316175,0.0272400825,0.2208283975,0.5559693062,0.1154228074
"325","ibr41",3000,100,8.18,0.6952246383,0.503854386,0.2735887875,0.026787735,0.2183332064,0.5311712812,0.1042467084
"326","ibr42",0,0,8.41,0.6576439104,0.5890025345,0.102651369,0.0728848534,0.0313137937,0.072644215,0.0145717466
"327","ibr42",0,25,8.25,0.6667437909,0.6002525537,0.0991058492,0.0741879064,0.0287362202,0.0700699219,0.0116858929
"328","ibr42",0,50,8,0.6689021368,0.5959472476,0.1086410559,0.0737445375,0.0377876062,0.0838818608,0.0174191925
"329","ibr42",0,75,7.86,0.6647727689,0.5797191129,0.126765191,0.0656433509,0.0607541502,0.1487433062,0.0288730974
"330","ibr42",0,100,8.31,0.6755827238,0.5003475045,0.2537047289,0.0333311494,0.2055922857,0.4118470188,0.0794279892
"331","ibr42",750,0,8.16,0.6649286555,0.5956253233,0.1021286031,0.0764906912,0.0283591294,0.0750118454,0.0143308321
"332","ibr42",750,25,8.26,0.663689207,0.59641832,0.1005333592,0.0729496815,0.0325280492,0.0669606141,0.0135956702
"333","ibr42",750,50,8.25,0.6737995088,0.599270706,0.1099657577,0.0696536844,0.0403823316,0.0853372915,0.0171027746
"334","ibr42",750,75,8.27,0.6575596594,0.569795136,0.1326373723,0.0642088247,0.0622506747,0.11490473,0.0238100531
"335","ibr42",750,100,8.24,0.6847015653,0.4898822666,0.2812452662,0.0289027425,0.2289445149,0.4568950866,0.0949405705
"336","ibr42",1500,0,8.35,0.678217515,0.6038851386,0.1097715342,0.0667561099,0.0434274755,0.1191606586,0.0238502889
"337","ibr42",1500,25,8.23,0.6888746737,0.6094697859,0.1146043522,0.0653983504,0.0506161784,0.1492901985,0.0301826084
"338","ibr42",1500,50,8.29,0.6635533054,0.5788150797,0.1276674242,0.0600689845,0.0705831806,0.1819673478,0.0298497821
"339","ibr42",1500,75,8.26,0.6653153011,0.5526287565,0.1681273521,0.0536300902,0.1020327446,0.2055235913,0.0395359817
"340","ibr42",1500,100,8.33,0.6856221885,0.5067528632,0.2592306718,0.0316344418,0.2004726988,0.4399567709,0.0885976746
"341","ibr42",2250,0,8.25,0.6770790539,0.555773606,0.1788366511,0.0505575058,0.1130392796,0.2475515659,0.0492452213
"342","ibr42",2250,25,8.26,0.6736052307,0.5502055015,0.1810212267,0.0471275711,0.1243136468,0.2765220541,0.0549924063
"343","ibr42",2250,50,8.16,0.6690581732,0.531677805,0.2016066455,0.0446238947,0.1417045261,0.3428877361,0.0701674541
"344","ibr42",2250,75,8.25,0.6999248974,0.5358334555,0.2357693677,0.03534146,0.1780521595,0.5009726816,0.1068251978
"345","ibr42",2250,100,8.32,0.688807261,0.4902813969,0.2882273085,0.0285819447,0.2265925113,0.4726494396,0.0995298959
"346","ibr42",3000,0,8.44,0.6848851274,0.4996825956,0.265241041,0.0310842057,0.2093896794,0.4619180385,0.0962034588
"347","ibr42",3000,25,8.52,0.7000175339,0.4993171304,0.2877622453,0.0262395238,0.2280577863,0.5570902426,0.1185971663
"348","ibr42",3000,50,8.39,0.6923492918,0.5116207505,0.2576076291,0.0318064408,0.2005991671,0.4667374284,0.0932517899
"349","ibr42",3000,75,8.25,0.6792637482,0.5018526704,0.2586887571,0.0335227218,0.2001614702,0.3920313133,0.0842132679
"350","ibr42",3000,100,8.32,0.6963472862,0.5015031629,0.2803933962,0.0281537345,0.2224199484,0.5550489548,0.1198078566
"351","ibr43",0,0,6.87,0.6388140276,0.4289026391,0.3240279731,0.0188127298,0.3129980659,0.6064925836,0.1224729126
"352","ibr43",0,25,6.99,0.6538704981,0.4323635036,0.3419581126,0.0163328831,0.3226777597,0.6109896193,0.1255203386
"353","ibr43",0,50,7.06,0.6473577578,0.4137429078,0.3611462232,0.0134368974,0.3625977789,0.7254292036,-0.3309918694
"354","ibr43",0,75,7.17,0.6403156935,0.4224595101,0.3403411084,0.015945669,0.3248939134,0.6446270281,0.6904628957
"355","ibr43",0,100,6.97,0.6170702105,0.4012369531,0.3410574931,0.0184594503,0.3675885775,0.5942975729,0.0646892667
"356","ibr43",750,0,6.88,0.6345319034,0.4298761321,0.3181003896,0.0189831282,0.3314700924,0.6704946887,-0.5186707756
"357","ibr43",750,25,7.14,0.6154767372,0.4124124778,0.3177907488,0.0178760786,0.3211529668,0.594962425,0.1188103045
"358","ibr43",750,50,7.07,0.6522273698,0.4395776958,0.3310007332,0.0179882933,0.3365779456,0.6567734013,0.1069894981
"359","ibr43",750,75,7.03,0.6347264937,0.4185239446,0.3407871375,0.0174552805,0.3383298486,0.6793950552,0.0884803965
"360","ibr43",750,100,7.16,0.6316914802,0.4277104143,0.3229658918,0.0181984939,0.3354937158,0.6863102504,0.085319461
"361","ibr43",1500,0,7.25,0.6354119903,0.4171381286,0.3406569236,0.0167790002,0.3402857833,0.7215662364,-0.0689207065
"362","ibr43",1500,25,7.31,0.6323231949,0.4313007073,0.3173703575,0.0193727245,0.3130160832,0.495626625,0.0646131673
"363","ibr43",1500,50,7.12,0.6213916866,0.4186611991,0.3229769765,0.0181868405,0.3147650431,0.6538975569,0.0663223628
"364","ibr43",1500,75,7.39,0.666686779,0.4526748592,0.3275158402,0.0152266403,0.3337853638,0.6993412381,0.0933351217
"365","ibr43",1500,100,7.17,0.6326199499,0.4296508574,0.3148581637,0.0181184683,0.3313266439,0.6419738033,0.2607439977
"366","ibr43",2250,0,7.05,0.6335187925,0.4303159098,0.3130837575,0.0191393761,0.3306277254,0.6475286619,-0.1763710284
"367","ibr43",2250,25,7.19,0.6461397545,0.4431131865,0.3072149174,0.0170482315,0.2920785738,0.6183840837,0.0769510533
"368","ibr43",2250,50,7.1,0.6358395621,0.4270950132,0.3306291569,0.0173493007,0.3406646868,0.6474710519,0.1537256504
"369","ibr43",2250,75,7.1,0.6392991168,0.4295351448,0.3317083803,0.0174467285,0.3314690818,0.7267480112,0.1420544077
"370","ibr43",2250,100,6.94,0.6347329098,0.4125372497,0.3482877884,0.0161088393,0.3477867636,0.6196125165,0.1113531372
"371","ibr43",3000,0,6.99,0.6306558602,0.4080266462,0.3455532481,0.01600206,0.3620991897,0.5606696675,0.0791976646
"372","ibr43",3000,25,6.87,0.6395911469,0.4311945235,0.320705808,0.0186977083,0.3327350873,0.6273414903,0.0174986983
"373","ibr43",3000,50,7.06,0.6364502244,0.4254240909,0.3298225904,0.0171845132,0.3200952631,0.6505677229,-0.2495887959
"374","ibr43",3000,75,6.96,0.6392983691,0.4230849176,0.3391494981,0.0182068271,0.3499024485,0.5791861532,0.1034701535
"375","ibr43",3000,100,6.83,0.6172450818,0.4036532497,0.3362437674,0.019183844,0.3547776352,0.6395919863,0.1802762099
"376","ibr44",0,0,8.47,0.6927062038,0.5640607568,0.1861248742,0.066449296,0.0579753472,0.1585988104,0.0327324738
"377","ibr44",0,25,8.48,0.7013813401,0.5715350148,0.1847523476,0.0621122182,0.0597234185,0.166290915,0.033523771
"378","ibr44",0,50,8.14,0.6685514114,0.5449744222,0.180933107,0.0571784618,0.0845738303,0.1937522947,0.037204769
"379","ibr44",0,75,8.18,0.6890573947,0.5391101398,0.2156382334,0.0483912565,0.1082869992,0.2506923095,0.0504291594
"380","ibr44",0,100,7.98,0.6757858394,0.4511961302,0.3317041937,0.0237823845,0.2608403624,0.5600774082,0.1206275561
"381","ibr44",750,0,8.54,0.6899631736,0.5629580261,0.183407925,0.0654916062,0.0586082218,0.162760694,0.03288274
"382","ibr44",750,25,8.46,0.681673519,0.5516706492,0.1885487576,0.0621553261,0.0728331302,0.1587876791,0.032332411
"383","ibr44",750,50,8.41,0.6855255743,0.5646825245,0.1750765045,0.0613586744,0.0698017318,0.1839400298,0.0372668922
"384","ibr44",750,75,8.35,0.6827913163,0.5318000215,0.2220740231,0.0513331152,0.1086469792,0.2919907248,0.0588456059
"385","ibr44",750,100,8.18,0.6671951435,0.4632053028,0.3024015214,0.0322270147,0.2162946897,0.4123508189,0.0826048215
"386","ibr44",1500,0,8.48,0.7093163203,0.5682199996,0.1992375509,0.060961468,0.0736653057,0.2044367579,0.0420018295
"387","ibr44",1500,25,8.37,0.69609714,0.5609439647,0.1922112653,0.0642133021,0.0652921506,0.1515817995,0.0315467315
"388","ibr44",1500,50,8.26,0.6651769038,0.5319163193,0.1943373573,0.0618526876,0.0843234897,0.1655870748,0.0295458705
"389","ibr44",1500,75,8.44,0.6770032607,0.5229280612,0.228223308,0.0546443519,0.1010128472,0.2690502946,0.0538172174
"390","ibr44",1500,100,8.28,0.671507909,0.4536574093,0.3216696579,0.0324006132,0.2247930712,0.4548579428,0.0910526484
"391","ibr44",2250,0,8.49,0.6903421142,0.532686689,0.2274520643,0.0524669004,0.1096061437,0.2956265176,0.0606436703
"392","ibr44",2250,25,8.26,0.7048118778,0.5460889841,0.2238774105,0.0516103552,0.108785963,0.3197658527,0.0657720915
"393","ibr44",2250,50,8.24,0.6830621387,0.502824623,0.2639043047,0.0459830418,0.1467543206,0.3500197655,0.0718843388
"394","ibr44",2250,75,8.49,0.7018016247,0.5118422552,0.2699248865,0.0391383778,0.1562079228,0.4384447558,0.0943558213
"395","ibr44",2250,100,8.36,0.6717350439,0.4632461834,0.3087625034,0.0361777618,0.1965068506,0.4537828885,0.0911209005
"396","ibr44",3000,0,8.43,0.6858580264,0.4721375314,0.3090361676,0.033645817,0.194599265,0.4962802886,0.1043885913
"397","ibr44",3000,25,8.36,0.6843150179,0.4815982027,0.2917507793,0.0356707981,0.1873279898,0.3825400948,0.0772311119
"398","ibr44",3000,50,8.37,0.6897551429,0.4786189106,0.301651309,0.0351762133,0.1903425979,0.4384776806,0.0891248103
"399","ibr44",3000,75,8.46,0.700953647,0.4791661475,0.3148768832,0.0304588873,0.206976186,0.4398639798,0.0909148246
"400","ibr44",3000,100,8.45,0.6796670836,0.461676909,0.3178828235,0.0337266773,0.2067149783,0.4116970533,0.0826457191
"401","ibr45",0,0,8.15,0.660560464,0.6137756455,0.0701813492,0.0731340885,0.0141663806,0.0474989904,0.0270486043
"402","ibr45",0,25,8.4,0.6448532788,0.6023784461,0.0651910557,0.0692390972,0.0147457076,0.0450452955,-0.0492474149
"403","ibr45",0,50,8.16,0.6677614888,0.6136380632,0.0819376596,0.0711674722,0.022668869,0.0656295264,0.0096177916
"404","ibr45",0,75,8.06,0.6453788561,0.5839491264,0.0918148061,0.0650303921,0.0423907223,0.1049939417,0.018069309
"405","ibr45",0,100,7.85,0.6732262515,0.4847731223,0.2776262849,0.0282444321,0.2683491561,0.4609147234,0.0951976024
"406","ibr45",750,0,8.07,0.6572787327,0.6142275993,0.0643760228,0.0716556317,0.0183315394,0.0603219338,-0.0030180409
"407","ibr45",750,25,8.29,0.6708318192,0.625544505,0.0678463272,0.0689222188,0.0189163191,0.0566380964,0.0289927159
"408","ibr45",750,50,8.38,0.667943199,0.6188153833,0.0720425013,0.066126464,0.0283937153,0.079151876,0.0203086674
"409","ibr45",750,75,8.29,0.6738769748,0.6109791101,0.0930853883,0.0631015427,0.0407917314,0.1075078477,0.027784969
"410","ibr45",750,100,8.1,0.6624553284,0.4769720936,0.2791839477,0.0294491507,0.2612265092,0.5345431583,0.1099168461
"411","ibr45",1500,0,8.32,0.6546693728,0.6040740344,0.0774414644,0.0685548514,0.0240168086,0.0813094758,-0.0201410976
"412","ibr45",1500,25,8.41,0.6781775272,0.6208221167,0.0865297858,0.0631174882,0.0338766935,0.1204670498,0.0017959858
"413","ibr45",1500,50,8.41,0.6787169476,0.6172714637,0.0894939053,0.0629747862,0.0394154274,0.0946034328,0.0228580957
"414","ibr45",1500,75,8.14,0.6578144548,0.5756535093,0.1226365286,0.0577339294,0.0732721291,0.1626168996,-0.0393466799
"415","ibr45",1500,100,8.34,0.6984742101,0.5324014036,0.2380881503,0.0295491026,0.2040368731,0.4554387727,0.0820487832
"416","ibr45",2250,0,8.42,0.6850991199,0.5889699693,0.1394981419,0.0521014896,0.0912162764,0.1861856411,0.0310970748
"417","ibr45",2250,25,8.48,0.6887826466,0.5930672435,0.1372417218,0.0489297486,0.0986262845,0.2511667553,-0.5548055872
"418","ibr45",2250,50,8.17,0.6944227891,0.5828209902,0.1618550709,0.0447256242,0.1279723664,0.3182046016,0.0259438208
"419","ibr45",2250,75,8.25,0.6726117065,0.5274885601,0.2128310812,0.0379764073,0.1757879314,0.4354762617,0.0856334415
"420","ibr45",2250,100,8.44,0.6996027751,0.5292991461,0.2419184421,0.0289920186,0.2199167237,0.5665144319,0.0914587485
"421","ibr45",3000,0,8.51,0.6998966715,0.5148297779,0.2634472953,0.0227842691,0.2440378674,0.5313627741,0.0413566404
"422","ibr45",3000,25,8.4,0.6784230696,0.5051406923,0.2526857312,0.0314636791,0.2166072084,0.4050014927,0.0847927435
"423","ibr45",3000,50,8.16,0.6788565886,0.5086702447,0.24860455,0.030425866,0.2346635214,0.4910032952,0.091608724
"424","ibr45",3000,75,8.21,0.6932917974,0.5163619153,0.253610607,0.0288983917,0.2378930596,0.5310195369,0.1106912773
"425","ibr45",3000,100,8.33,0.703734884,0.5108967767,0.2744875032,0.0251467667,0.2422637616,0.5503620413,0.1181004424
"426","ibr46",0,0,7.86,0.6348271766,0.5807742515,0.0841991571,0.0690353824,0.0254764019,0.0657503616,0.0275881389
"427","ibr46",0,25,8.42,0.6754375016,0.6112788296,0.0931875714,0.0615428017,0.0326693979,0.0650819675,0.0379372413
"428","ibr46",0,50,8.28,0.6654831734,0.5899316154,0.1134335357,0.0583567,0.0547442486,0.1588533128,0.022037592
"429","ibr46",0,75,7.93,0.6436196082,0.5580695995,0.1319117106,0.0573804612,0.0687018364,0.1637458147,-0.0415407099
"430","ibr46",0,100,7.9,0.6489593852,0.4521146838,0.295697698,0.0243628236,0.2936722306,0.5613776333,0.1184906656
"431","ibr46",750,0,8.02,0.6724014393,0.608292547,0.0941185594,0.0668331487,0.0332451221,0.0881864799,-0.0085949162
"432","ibr46",750,25,8.27,0.6851908559,0.6150450318,0.1009478018,0.0607717198,0.0422638989,0.1120243765,0.0565323758
"433","ibr46",750,50,8.18,0.6850807443,0.6134366799,0.1031211674,0.0610214518,0.0437465438,0.1030171267,0.0981770578
"434","ibr46",750,75,8.14,0.6849862272,0.6060471111,0.1149688366,0.0554834894,0.0595057179,0.1168619255,0.0931643567
"435","ibr46",750,100,8.1,0.6873128315,0.5049522542,0.2643004301,0.0260301395,0.2369339894,0.4780869766,1.1935433158
"436","ibr46",1500,0,8.07,0.6619395967,0.5978065711,0.095987996,0.0631911352,0.0431054495,0.0928088032,0.021564456
"437","ibr46",1500,25,8.09,0.6532199843,0.5829550457,0.1068515098,0.0606280701,0.0625678107,0.1582167246,0.0053908856
"438","ibr46",1500,50,8.1,0.6753616421,0.5932241174,0.1226303027,0.0546402211,0.0619549468,0.1822970888,0.0222557199
"439","ibr46",1500,75,8.1,0.6811356597,0.582716046,0.1449626046,0.0515441335,0.08990814,0.2103274234,0.0267316977
"440","ibr46",1500,100,8.12,0.6936746502,0.5082356377,0.2676429143,0.0273079483,0.2389856256,0.6093305985,0.1100848558
"441","ibr46",2250,0,8.24,0.6663341755,0.5588371641,0.1590725007,0.0468104613,0.1120539807,0.2457995149,0.0211619937
"442","ibr46",2250,25,8.15,0.6731337599,0.5658393126,0.1575068663,0.0441985162,0.1178456816,0.2205577906,0.0070296245
"443","ibr46",2250,50,8.27,0.6636960211,0.5257475094,0.205718844,0.0398356228,0.1691873713,0.2458613888,-0.0255221117
"444","ibr46",2250,75,8.17,0.6723379315,0.5149288925,0.2350181029,0.0348008332,0.1786286404,0.4554202881,0.0923094878
"445","ibr46",2250,100,8.17,0.6607447755,0.4872748981,0.2569135804,0.0305353681,0.2325998616,0.4244653071,0.0451682989
"446","ibr46",3000,0,7.99,0.6724987002,0.4934843615,0.2618236062,0.0296163326,0.2284801657,0.4258401239,0.055060502
"447","ibr46",3000,25,7.95,0.6598215015,0.4806600693,0.2640356995,0.0287924937,0.2481172505,0.5376196397,-0.0103531105
"448","ibr46",3000,50,8.22,0.6772320427,0.4941666268,0.267494655,0.0274369073,0.2413880101,0.5802070015,0.0722428968
"449","ibr46",3000,75,8.08,0.6643834847,0.4828752277,0.2718654877,0.0281292725,0.2345317817,0.472357445,0.0176675178
"450","ibr46",3000,100,8.31,0.6854582653,0.4887963503,0.2894795626,0.0261886476,0.2464395719,0.5557958526,0.121137934
"451","ibr47",0,0,8.29,0.6679486156,0.6416488675,0.0400718286,0.0661135989,0.0096552594,0.049232806,0.6938553568
"452","ibr47",0,25,8.12,0.649815995,0.6163591311,0.052034343,0.0658499582,0.0166521689,0.0612629942,0.0081120514
"453","ibr47",0,50,7.99,0.6498116896,0.6185512731,0.0463510757,0.0653728104,0.0186719855,0.057626281,0.0163944268
"454","ibr47",0,75,8.07,0.6541453365,0.6105470543,0.0660505614,0.0597466183,0.0363961773,0.103052703,0.0033634539
"455","ibr47",0,100,7.98,0.6669329657,0.4951469684,0.2501765761,0.024872048,0.2642950651,0.4594367284,0.0646327609
"456","ibr47",750,0,8.39,0.6482576705,0.6159749169,0.0496042136,0.0640277644,0.0117068928,0.0552181699,-0.0022089915
"457","ibr47",750,25,8.13,0.669890551,0.6333627803,0.054755338,0.0658597795,0.0206622092,0.0526016311,-0.0160563165
"458","ibr47",750,50,8.26,0.7008936237,0.6672769052,0.0468433431,0.0629821657,0.0229788519,0.0698791217,0.0222383007
"459","ibr47",750,75,8.22,0.657865445,0.6140784863,0.0662047962,0.0595639838,0.0414316702,0.0893646201,0.0457655533
"460","ibr47",750,100,8.34,0.7007490574,0.5159146478,0.2665631903,0.0217669131,0.2679644784,0.6978335079,0.362923893
"461","ibr47",1500,0,8.29,0.6771776351,0.6395084083,0.0546367465,0.0624779694,0.0218862532,0.0612937028,0.022050555
"462","ibr47",1500,25,8.18,0.6699591112,0.6343427014,0.0518985007,0.0617306295,0.0299838874,0.0780181602,0.0089492521
"463","ibr47",1500,50,8.34,0.6608320849,0.6175818077,0.0653030737,0.0589407867,0.0386335539,0.0966501939,0.3105306361
"464","ibr47",1500,75,8.19,0.6788162398,0.6152261341,0.0926462525,0.0540894693,0.069710939,0.1682741586,0.0271790831
"465","ibr47",1500,100,7.88,0.6917980745,0.5104060062,0.2622644451,0.0241820146,0.2745555194,0.652968457,0.1095721263
"466","ibr47",2250,0,8.28,0.6792403602,0.6105872144,0.0996758311,0.0504652647,0.0802992123,0.2437592527,0.0384256136
"467","ibr47",2250,25,8.27,0.6687135299,0.5982126636,0.1029914828,0.0491134528,0.088119908,0.194431478,0.022746823
"468","ibr47",2250,50,8.36,0.6692745684,0.5831876962,0.1281017853,0.0451535783,0.1056516233,0.2544162567,0.0448465489
"469","ibr47",2250,75,8.24,0.6929430302,0.5727918806,0.1733265841,0.0365387522,0.1674847999,0.4549274187,0.0556019871
"470","ibr47",2250,100,7.96,0.6735837424,0.5160388927,0.2314278451,0.0293023397,0.2324909044,0.5672867394,0.0932752222
"471","ibr47",3000,0,8.2,0.6876429795,0.523776477,0.2343432622,0.0270074919,0.2388091074,0.4687076026,-0.0803018728
"472","ibr47",3000,25,8.12,0.6723687095,0.512590651,0.2329518894,0.0272132708,0.2440189985,0.5544097837,0.0964092676
"473","ibr47",3000,50,8.21,0.687674462,0.5221316773,0.2402888484,0.0252012554,0.2436263303,0.5900094464,0.0184052439
"474","ibr47",3000,75,7.94,0.6766833431,0.5102308476,0.2458268001,0.0275195205,0.247831925,0.5486109842,0.1156138941
"475","ibr47",3000,100,8.2,0.683893047,0.5191736411,0.2379934874,0.0271359898,0.226850967,0.4247569016,0.1039151835
"476","ibr48",0,0,8.44,0.69040539,0.5951453773,0.1387765136,0.0670528392,0.0227608941,0.0690172238,0.011318442
"477","ibr48",0,25,8.07,0.6784889572,0.5734975819,0.1541169699,0.0687159278,0.0356393713,0.0958867676,0.0073022666
"478","ibr48",0,50,7.93,0.6767595204,0.5793191237,0.1429713199,0.066858743,0.0406184944,0.1280162004,0.0093078368
"479","ibr48",0,75,7.79,0.654836161,0.5297019461,0.1872941343,0.0590472622,0.0736838941,0.1571886248,0.0412503048
"480","ibr48",0,100,8.03,0.6998597599,0.4672423299,0.3324988999,0.0260249701,0.239700627,0.6283234724,0.1158012807
"481","ibr48",750,0,8.12,0.6698343197,0.5724282267,0.1438038173,0.0674335377,0.0339515204,0.0873504874,0.0327651183
"482","ibr48",750,25,8.35,0.6582782317,0.5639167943,0.141687988,0.0671524196,0.0320816619,0.0769804236,0.0096178534
"483","ibr48",750,50,8.07,0.6740648714,0.5688569974,0.155179302,0.0623645915,0.0425897575,0.1033812536,0.0041670272
"484","ibr48",750,75,8.16,0.6728660331,0.5546674266,0.1728409876,0.0599563845,0.0559536201,0.1424454201,0.0222152712
"485","ibr48",750,100,8.03,0.6844732064,0.4534131374,0.3347302753,0.0281490199,0.2475732489,0.4440834465,0.09363255
"486","ibr48",1500,0,8.19,0.6569129482,0.5533263794,0.1550180633,0.0620325307,0.0401542645,0.1057654285,0.0676306292
"487","ibr48",1500,25,8.15,0.6778506237,0.5615316064,0.1720622011,0.0625491695,0.0514987061,0.1272680758,0.0178922787
"488","ibr48",1500,50,7.93,0.6673781524,0.536818577,0.1961980542,0.0598651361,0.0666998253,0.1732055409,0.0234503819
"489","ibr48",1500,75,8.21,0.6668606815,0.5387906185,0.1872989365,0.0538943501,0.0856787135,0.1854251556,0.0345532255
"490","ibr48",1500,100,8.26,0.6821465663,0.4669841095,0.3111772339,0.0288330782,0.2162970628,0.5383307806,-0.00395392359999999
"491","ibr48",2250,0,7.94,0.6768060615,0.5095600523,0.2451228031,0.0468213054,0.1180220252,0.2403437843,0.051718754
"492","ibr48",2250,25,8.35,0.6727043735,0.5072415423,0.2475013488,0.0433345035,0.1324087776,0.3051540475,-11.2709259031
"493","ibr48",2250,50,8.38,0.6812421726,0.5029942206,0.2587697281,0.0414106215,0.1375478836,0.3721048405,0.0476511447
"494","ibr48",2250,75,8.23,0.6945015191,0.492906394,0.2893101655,0.0348852579,0.1747437025,0.4928512451,0.0934272163
"495","ibr48",2250,100,7.94,0.7082805315,0.4651452694,0.3468311261,0.0254898506,0.2346477761,0.6185426562,0.1345496986
"496","ibr48",3000,0,8.36,0.6902221181,0.4686478041,0.3178813929,0.030040415,0.2110740622,0.5339090187,0.1139802193
"497","ibr48",3000,25,8.25,0.6922175927,0.4609305697,0.3335197254,0.0287398991,0.2161620566,0.5857512579,0.1267693988
"498","ibr48",3000,50,8.19,0.6996850438,0.476197289,0.3185805268,0.0281226922,0.2191154343,0.5915173089,0.1062003684
"499","ibr48",3000,75,8.16,0.6967574795,0.4584095962,0.3404358794,0.0281560883,0.2208339938,0.5076727199,0.0860494987
"500","ibr48",3000,100,8.21,0.7011382892,0.475615165,0.3203864196,0.0269497545,0.2157209515,0.537348733,0.0876950592
"501","ibr49",0,0,8.22,0.6765815936,0.5730143192,0.1504794614,0.0629138968,0.0601368102,0.1602466812,0.0322640707
"502","ibr49",0,25,8.14,0.6604972931,0.5440781338,0.1728735939,0.0588455155,0.0796068208,0.1371888926,0.0251011425
"503","ibr49",0,50,8.08,0.6760745077,0.5446977641,0.1932828071,0.0537296038,0.0959870963,0.2048672888,0.0405580484
"504","ibr49",0,75,7.99,0.6749633868,0.5199237512,0.2305980891,0.0423608512,0.1463113861,0.32755666,0.0688860471
"505","ibr49",0,100,7.8,0.670157696,0.4636922542,0.3059842893,0.0257010691,0.2565001268,0.5249632792,0.0989351383
"506","ibr49",750,0,8.14,0.672408171,0.5671992044,0.1563324109,0.0612120069,0.0655408466,0.1807188334,0.0311495158
"507","ibr49",750,25,8.14,0.6781565511,0.567632411,0.163529959,0.0585714346,0.0753384216,0.1999246642,0.0409489892
"508","ibr49",750,50,8.35,0.6682582883,0.5393249648,0.1917056291,0.0528509913,0.0942743529,0.2225643552,0.0428316348
"509","ibr49",750,75,8.03,0.6698114852,0.5297617267,0.2055760412,0.0474443021,0.1242509451,0.2765900533,0.0537407651
"510","ibr49",750,100,8.18,0.6821481521,0.4604015236,0.326225361,0.0242092199,0.2595625834,0.5307919364,0.1128637283
"511","ibr49",1500,0,8.1,0.6699267999,0.5499592415,0.1785043945,0.0559443802,0.0880350982,0.2344067743,0.0404249087
"512","ibr49",1500,25,8.3,0.6937983394,0.5631860922,0.1870350841,0.0491171177,0.0969091881,0.284807573,0.0599120735
"513","ibr49",1500,50,8.16,0.6821628669,0.5444641196,0.1995568069,0.0495802355,0.1093455584,0.2723809408,0.0530903179
"514","ibr49",1500,75,8.2,0.6682278329,0.5275010525,0.2113344792,0.0466832455,0.1254134888,0.2979967813,0.0606713242
"515","ibr49",1500,100,8.24,0.6835077097,0.4803649852,0.2954494848,0.0283117834,0.221096698,0.4473043546,0.0927879928
"516","ibr49",2250,0,8.21,0.6717847899,0.5107202791,0.2397039845,0.0433999478,0.1431948306,0.3425845786,0.0681265782
"517","ibr49",2250,25,8.02,0.6513905608,0.5003557802,0.2265383623,0.046101451,0.1490499944,0.2269848222,0.0388629248
"518","ibr49",2250,50,8.3,0.6750170803,0.5148043264,0.2360583661,0.0416771588,0.1487220433,0.348109445,0.0650267033
"519","ibr49",2250,75,8.07,0.6693988401,0.4905379113,0.2647118223,0.0360670047,0.1905687182,0.3396547812,0.0663623623
"520","ibr49",2250,100,8.07,0.6893545716,0.4762143669,0.3133684481,0.0310564455,0.2135921158,0.4785377907,0.1002129442
"521","ibr49",3000,0,8.1,0.6715931354,0.4687192195,0.2983490355,0.0297632025,0.2223910246,0.4398147941,0.0883816507
"522","ibr49",3000,25,8.32,0.6732145184,0.4753793902,0.2890305111,0.0314926141,0.2065179141,0.4031624915,0.0827953498
"523","ibr49",3000,50,8.11,0.6465136182,0.4637917534,0.2747842767,0.0366434077,0.1930889,0.2913188799,0.051217975
"524","ibr49",3000,75,8.26,0.6830322466,0.4822998317,0.2924599944,0.0283756317,0.2169121296,0.486418976,0.100039097
"525","ibr49",3000,100,8.28,0.710076829,0.5019373285,0.2954839183,0.0267878292,0.2052301234,0.5801738755,0.1257859736
"526","pan0",0,0,9.01,0.7082217422,0.71145,-0.0042344145,0.1063305671,0.0000172914,0.0014272574,0.0004492937
"527","pan0",0,25,8.78,0.6766723594,0.6751125,0.0019899942,0.1095736779,-0.0000439948,0.00116917055555556,0.0003665715
"528","pan0",750,0,8.97,0.7029342032,0.705,-0.0031711539,0.1069234153,-0.0000375336,0.0019963049,0.0003245494
"529","pan0",750,25,8.72,0.6845418828,0.6860875,-0.002235595,0.1097410507,0.0000895281,0.0015875555,0.0004105893
"530","pan0",1500,0,9.05,0.7032340314,0.7035625,-0.0003396075,0.1056091843,0.00004225,0.0009767538,0.0004683604
"531","pan0",1500,25,8.85,0.6978446719,0.6977,0.0003289519,0.1079008455,0.0001586436,0.0012666377,0.0004567069
"532","pan0",1500,50,6.975,0.6156854785,0.61369281325,-0.00496331842857143,0.075934005,0.005570776125,0.00698078725,-0.000881515
"533","pan0",2250,0,8.9,0.6998582267,0.6999625,-0.0001838923,0.1067471708,0.0002796405,0.0017473248,0.0006266432
"534","pan0",2250,25,8.87,0.6915601562,0.6933375,-0.002694209,0.1069700205,0.0003830849,0.0016066674,0.0005771992
"535","pan0",2250,50,8.66,0.6962096173,0.698375,-0.0028802026,0.1085585883,0.000629519,0.0017661086,0.0008828846
"536","pan0",2250,75,8.4,0.6652165121,0.6634292328,0.0022401121,0.1094747815,0.0016083544,0.0041740805,0.0011847995
"537","pan0",2250,100,5.4,0.491788470571429,0.489410058,-0.0000212824285714293,0,-0.000625391,NA,0
"538","pan0",3000,0,9.02,0.7111284767,0.60075,0.1556355011,0.0423370312,0.1593217582,0.3317984667,0.0683840168
"539","pan0",3000,25,9.1,0.7293280392,0.6151,0.1553504244,0.0376312361,0.1560810008,0.5039918952,0.1094797319
"540","pan0",3000,50,8.8,0.7076174922,0.5923125,0.1627059163,0.0397057322,0.1622958965,0.4453949535,0.0943690098
"541","pan0",3000,75,9.18,0.7341132813,0.61025,0.1678789443,0.03489932,0.1662817094,0.5153312243,0.1106956324
"542","pan0",3000,100,9.03,0.7300353126,0.6180125,0.1535317019,0.0387984776,0.1550902867,0.4983274721,0.1069608387
